date,slot,title,body,tags,image,url,channel
2025-11-01,1,WANSTAGE トピック 11/01 #1,2025-11-01 の自動生成コンテンツ（スロット1）。,"['wanstage', 'auto', 'daily']",https://picsum.photos/seed/3653/1024/576,https://example.com/post/49896347,"TW,IG"
2025-11-01,2,WANSTAGE トピック 11/01 #2,2025-11-01 の自動生成コンテンツ（スロット2）。,"['wanstage', 'auto', 'daily']",https://picsum.photos/seed/2078/1024/576,https://example.com/post/47897922,"TW,IG"
2025-11-01,3,WANSTAGE トピック 11/01 #3,2025-11-01 の自動生成コンテンツ（スロット3）。,"['wanstage', 'auto', 'daily']",https://picsum.photos/seed/0503/1024/576,https://example.com/post/54100503,"TW,IG"
2025-11-02,1,WANSTAGE トピック 11/02 #1,2025-11-02 の自動生成コンテンツ（スロット1）。,"['wanstage', 'auto', 'daily']",https://picsum.photos/seed/9576/1024/576,https://example.com/post/19409576,"TW,IG"
2025-11-02,2,WANSTAGE トピック 11/02 #2,2025-11-02 の自動生成コンテンツ（スロット2）。,"['wanstage', 'auto', 'daily']",https://picsum.photos/seed/6385/1024/576,https://example.com/post/88143615,"TW,IG"
2025-11-02,3,WANSTAGE トピック 11/02 #3,2025-11-02 の自動生成コンテンツ（スロット3）。,"['wanstage', 'auto', 'daily']",https://picsum.photos/seed/4810/1024/576,https://example.com/post/13854810,"TW,IG"
2025-11-03,1,WANSTAGE トピック 11/03 #1,2025-11-03 の自動生成コンテンツ（スロット1）。,"['wanstage', 'auto', 'daily']",https://picsum.photos/seed/3097/1024/576,https://example.com/post/38196903,"TW,IG"
2025-11-03,2,WANSTAGE トピック 11/03 #2,2025-11-03 の自動生成コンテンツ（スロット2）。,"['wanstage', 'auto', 'daily']",https://picsum.photos/seed/3394/1024/576,https://example.com/post/20566606,"TW,IG"
2025-11-03,3,WANSTAGE トピック 11/03 #3,2025-11-03 の自動生成コンテンツ（スロット3）。,"['wanstage', 'auto', 'daily']",https://picsum.photos/seed/7028/1024/576,https://example.com/post/93262972,"TW,IG"
2025-11-04,1,WANSTAGE トピック 11/04 #1,2025-11-04 の自動生成コンテンツ（スロット1）。,"['wanstage', 'auto', 'daily']",https://picsum.photos/seed/3021/1024/576,https://example.com/post/41823021,"TW,IG"
2025-11-04,2,WANSTAGE トピック 11/04 #2,2025-11-04 の自動生成コンテンツ（スロット2）。,"['wanstage', 'auto', 'daily']",https://picsum.photos/seed/1446/1024/576,https://example.com/post/43821446,"TW,IG"
2025-11-04,3,WANSTAGE トピック 11/04 #3,2025-11-04 の自動生成コンテンツ（スロット3）。,"['wanstage', 'auto', 'daily']",https://picsum.photos/seed/5080/1024/576,https://example.com/post/71125080,"TW,IG"
2025-11-05,1,WANSTAGE トピック 11/05 #1,2025-11-05 の自動生成コンテンツ（スロット1）。,"['wanstage', 'auto', 'daily']",https://picsum.photos/seed/5456/1024/576,https://example.com/post/85945456,"TW,IG"
2025-11-05,2,WANSTAGE トピック 11/05 #2,2025-11-05 の自動生成コンテンツ（スロット2）。,"['wanstage', 'auto', 'daily']",https://picsum.photos/seed/5753/1024/576,https://example.com/post/03575753,"TW,IG"
2025-11-05,3,WANSTAGE トピック 11/05 #3,2025-11-05 の自動生成コンテンツ（スロット3）。,"['wanstage', 'auto', 'daily']",https://picsum.photos/seed/9387/1024/576,https://example.com/post/30879387,"TW,IG"
2025-11-06,1,WANSTAGE トピック 11/06 #1,2025-11-06 の自動生成コンテンツ（スロット1）。,"['wanstage', 'auto', 'daily']",https://picsum.photos/seed/3764/1024/576,https://example.com/post/43586236,"TW,IG"
2025-11-06,2,WANSTAGE トピック 11/06 #2,2025-11-06 の自動生成コンテンツ（スロット2）。,"['wanstage', 'auto', 'daily']",https://picsum.photos/seed/2189/1024/576,https://example.com/post/41587811,"TW,IG"
2025-11-06,3,WANSTAGE トピック 11/06 #3,2025-11-06 の自動生成コンテンツ（スロット3）。,"['wanstage', 'auto', 'daily']",https://picsum.photos/seed/0614/1024/576,https://example.com/post/60410614,"TW,IG"
2025-11-07,1,WANSTAGE トピック 11/07 #1,2025-11-07 の自動生成コンテンツ（スロット1）。,"['wanstage', 'auto', 'daily']",https://picsum.photos/seed/6199/1024/576,https://example.com/post/99463801,"TW,IG"
2025-11-07,2,WANSTAGE トピック 11/07 #2,2025-11-07 の自動生成コンテンツ（スロット2）。,"['wanstage', 'auto', 'daily']",https://picsum.photos/seed/6496/1024/576,https://example.com/post/81833504,"TW,IG"
2025-11-07,3,WANSTAGE トピック 11/07 #3,2025-11-07 の自動生成コンテンツ（スロット3）。,"['wanstage', 'auto', 'daily']",https://picsum.photos/seed/4921/1024/576,https://example.com/post/20164921,"TW,IG"
2025-11-08,1,WANSTAGE トピック 11/08 #1,2025-11-08 の自動生成コンテンツ（スロット1）。,"['wanstage', 'auto', 'daily']",https://picsum.photos/seed/8825/1024/576,https://example.com/post/88378825,"TW,IG"
2025-11-08,2,WANSTAGE トピック 11/08 #2,2025-11-08 の自動生成コンテンツ（スロット2）。,"['wanstage', 'auto', 'daily']",https://picsum.photos/seed/5634/1024/576,https://example.com/post/19174366,"TW,IG"
2025-11-08,3,WANSTAGE トピック 11/08 #3,2025-11-08 の自動生成コンテンツ（スロット3）。,"['wanstage', 'auto', 'daily']",https://picsum.photos/seed/4059/1024/576,https://example.com/post/17175941,"TW,IG"
2025-11-09,1,WANSTAGE トピック 11/09 #1,2025-11-09 の自動生成コンテンツ（スロット1）。,"['wanstage', 'auto', 'daily']",https://picsum.photos/seed/1260/1024/576,https://example.com/post/32501260,"TW,IG"
2025-11-09,2,WANSTAGE トピック 11/09 #2,2025-11-09 の自動生成コンテンツ（スロット2）。,"['wanstage', 'auto', 'daily']",https://picsum.photos/seed/1557/1024/576,https://example.com/post/50131557,"TW,IG"
2025-11-09,3,WANSTAGE トピック 11/09 #3,2025-11-09 の自動生成コンテンツ（スロット3）。,"['wanstage', 'auto', 'daily']",https://picsum.photos/seed/5191/1024/576,https://example.com/post/77435191,"TW,IG"
2025-11-10,1,WANSTAGE トピック 11/10 #1,2025-11-10 の自動生成コンテンツ（スロット1）。,"['wanstage', 'auto', 'daily']",https://picsum.photos/seed/5567/1024/576,https://example.com/post/92255567,"TW,IG"
2025-11-10,2,WANSTAGE トピック 11/10 #2,2025-11-10 の自動生成コンテンツ（スロット2）。,"['wanstage', 'auto', 'daily']",https://picsum.photos/seed/2376/1024/576,https://example.com/post/15297624,"TW,IG"
2025-11-10,3,WANSTAGE トピック 11/10 #3,2025-11-10 の自動生成コンテンツ（スロット3）。,"['wanstage', 'auto', 'daily']",https://picsum.photos/seed/9498/1024/576,https://example.com/post/37189498,"TW,IG"
2025-11-11,1,WANSTAGE トピック 11/11 #1,2025-11-11 の自動生成コンテンツ（スロット1）。,"['wanstage', 'auto', 'daily']",https://picsum.photos/seed/2003/1024/576,https://example.com/post/52907997,"TW,IG"
2025-11-11,2,WANSTAGE トピック 11/11 #2,2025-11-11 の自動生成コンテンツ（スロット2）。,"['wanstage', 'auto', 'daily']",https://picsum.photos/seed/2300/1024/576,https://example.com/post/35277700,"TW,IG"
2025-11-11,3,WANSTAGE トピック 11/11 #3,2025-11-11 の自動生成コンテンツ（スロット3）。,"['wanstage', 'auto', 'daily']",https://picsum.photos/seed/0725/1024/576,https://example.com/post/66720725,"TW,IG"
2025-11-12,1,WANSTAGE トピック 11/12 #1,2025-11-12 の自動生成コンテンツ（スロット1）。,"['wanstage', 'auto', 'daily']",https://picsum.photos/seed/9012/1024/576,https://example.com/post/85330988,"TW,IG"
2025-11-12,2,WANSTAGE トピック 11/12 #2,2025-11-12 の自動生成コンテンツ（スロット2）。,"['wanstage', 'auto', 'daily']",https://picsum.photos/seed/9309/1024/576,https://example.com/post/32299309,"TW,IG"
2025-11-12,3,WANSTAGE トピック 11/12 #3,2025-11-12 の自動生成コンテンツ（スロット3）。,"['wanstage', 'auto', 'daily']",https://picsum.photos/seed/2943/1024/576,https://example.com/post/40397057,"TW,IG"
2025-11-13,1,WANSTAGE トピック 11/13 #1,2025-11-13 の自動生成コンテンツ（スロット1）。,"['wanstage', 'auto', 'daily']",https://picsum.photos/seed/8936/1024/576,https://example.com/post/94688936,"TW,IG"
2025-11-13,2,WANSTAGE トピック 11/13 #2,2025-11-13 の自動生成コンテンツ（スロット2）。,"['wanstage', 'auto', 'daily']",https://picsum.photos/seed/5745/1024/576,https://example.com/post/12864255,"TW,IG"
2025-11-13,3,WANSTAGE トピック 11/13 #3,2025-11-13 の自動生成コンテンツ（スロット3）。,"['wanstage', 'auto', 'daily']",https://picsum.photos/seed/4170/1024/576,https://example.com/post/10865830,"TW,IG"
2025-11-14,1,WANSTAGE トピック 11/14 #1,2025-11-14 の自動生成コンテンツ（スロット1）。,"['wanstage', 'auto', 'daily']",https://picsum.photos/seed/1371/1024/576,https://example.com/post/38811371,"TW,IG"
2025-11-14,2,WANSTAGE トピック 11/14 #2,2025-11-14 の自動生成コンテンツ（スロット2）。,"['wanstage', 'auto', 'daily']",https://picsum.photos/seed/8180/1024/576,https://example.com/post/68741820,"TW,IG"
2025-11-14,3,WANSTAGE トピック 11/14 #3,2025-11-14 の自動生成コンテンツ（スロット3）。,"['wanstage', 'auto', 'daily']",https://picsum.photos/seed/5302/1024/576,https://example.com/post/83745302,"TW,IG"
2025-11-15,1,WANSTAGE トピック 11/15 #1,2025-11-15 の自動生成コンテンツ（スロット1）。,"['wanstage', 'auto', 'daily']",https://picsum.photos/seed/2598/1024/576,https://example.com/post/68342598,"TW,IG"
2025-11-15,2,WANSTAGE トピック 11/15 #2,2025-11-15 の自動生成コンテンツ（スロット2）。,"['wanstage', 'auto', 'daily']",https://picsum.photos/seed/8104/1024/576,https://example.com/post/88721896,"TW,IG"
2025-11-15,3,WANSTAGE トピック 11/15 #3,2025-11-15 の自動生成コンテンツ（スロット3）。,"['wanstage', 'auto', 'daily']",https://picsum.photos/seed/6529/1024/576,https://example.com/post/13276529,"TW,IG"
2025-11-16,1,WANSTAGE トピック 11/16 #1,2025-11-16 の自動生成コンテンツ（スロット1）。,"['wanstage', 'auto', 'daily']",https://picsum.photos/seed/4816/1024/576,https://example.com/post/61224816,"TW,IG"
2025-11-16,2,WANSTAGE トピック 11/16 #2,2025-11-16 の自動生成コンテンツ（スロット2）。,"['wanstage', 'auto', 'daily']",https://picsum.photos/seed/5113/1024/576,https://example.com/post/78855113,"TW,IG"
2025-11-16,3,WANSTAGE トピック 11/16 #3,2025-11-16 の自動生成コンテンツ（スロット3）。,"['wanstage', 'auto', 'daily']",https://picsum.photos/seed/8747/1024/576,https://example.com/post/93841253,"TW,IG"
2025-11-17,1,WANSTAGE トピック 11/17 #1,2025-11-17 の自動生成コンテンツ（スロット1）。,"['wanstage', 'auto', 'daily']",https://picsum.photos/seed/9123/1024/576,https://example.com/post/79020877,"TW,IG"
2025-11-17,2,WANSTAGE トピック 11/17 #2,2025-11-17 の自動生成コンテンツ（スロット2）。,"['wanstage', 'auto', 'daily']",https://picsum.photos/seed/7548/1024/576,https://example.com/post/22977548,"TW,IG"
2025-11-17,3,WANSTAGE トピック 11/17 #3,2025-11-17 の自動生成コンテンツ（スロット3）。,"['wanstage', 'auto', 'daily']",https://picsum.photos/seed/1182/1024/576,https://example.com/post/50281182,"TW,IG"
2025-11-18,1,WANSTAGE トピック 11/18 #1,2025-11-18 の自動生成コンテンツ（スロット1）。,"['wanstage', 'auto', 'daily']",https://picsum.photos/seed/7175/1024/576,https://example.com/post/85367175,"TW,IG"
2025-11-18,2,WANSTAGE トピック 11/18 #2,2025-11-18 の自動生成コンテンツ（スロット2）。,"['wanstage', 'auto', 'daily']",https://picsum.photos/seed/3984/1024/576,https://example.com/post/22186016,"TW,IG"
2025-11-18,3,WANSTAGE トピック 11/18 #3,2025-11-18 の自動生成コンテンツ（スロット3）。,"['wanstage', 'auto', 'daily']",https://picsum.photos/seed/4281/1024/576,https://example.com/post/04555719,"TW,IG"
2025-11-19,1,WANSTAGE トピック 11/19 #1,2025-11-19 の自動生成コンテンツ（スロット1）。,"['wanstage', 'auto', 'daily']",https://picsum.photos/seed/1482/1024/576,https://example.com/post/45121482,"TW,IG"
2025-11-19,2,WANSTAGE トピック 11/19 #2,2025-11-19 の自動生成コンテンツ（スロット2）。,"['wanstage', 'auto', 'daily']",https://picsum.photos/seed/8291/1024/576,https://example.com/post/62431709,"TW,IG"
2025-11-19,3,WANSTAGE トピック 11/19 #3,2025-11-19 の自動生成コンテンツ（スロット3）。,"['wanstage', 'auto', 'daily']",https://picsum.photos/seed/3541/1024/576,https://example.com/post/74423541,"TW,IG"
2025-11-20,1,WANSTAGE トピック 11/20 #1,2025-11-20 の自動生成コンテンツ（スロット1）。,"['wanstage', 'auto', 'daily']",https://picsum.photos/seed/0620/1024/576,https://example.com/post/07780620,"TW,IG"
2025-11-20,2,WANSTAGE トピック 11/20 #2,2025-11-20 の自動生成コンテンツ（スロット2）。,"['wanstage', 'auto', 'daily']",https://picsum.photos/seed/0917/1024/576,https://example.com/post/25410917,"TW,IG"
2025-11-20,3,WANSTAGE トピック 11/20 #3,2025-11-20 の自動生成コンテンツ（スロット3）。,"['wanstage', 'auto', 'daily']",https://picsum.photos/seed/4551/1024/576,https://example.com/post/52714551,"TW,IG"
2025-11-21,1,WANSTAGE トピック 11/21 #1,2025-11-21 の自動生成コンテンツ（スロット1）。,"['wanstage', 'auto', 'daily']",https://picsum.photos/seed/4927/1024/576,https://example.com/post/67534927,"TW,IG"
2025-11-21,2,WANSTAGE トピック 11/21 #2,2025-11-21 の自動生成コンテンツ（スロット2）。,"['wanstage', 'auto', 'daily']",https://picsum.photos/seed/3352/1024/576,https://example.com/post/69533352,"TW,IG"
2025-11-21,3,WANSTAGE トピック 11/21 #3,2025-11-21 の自動生成コンテンツ（スロット3）。,"['wanstage', 'auto', 'daily']",https://picsum.photos/seed/8858/1024/576,https://example.com/post/87531142,"TW,IG"
2025-11-22,1,WANSTAGE トピック 11/22 #1,2025-11-22 の自動生成コンテンツ（スロット1）。,"['wanstage', 'auto', 'daily']",https://picsum.photos/seed/1363/1024/576,https://example.com/post/77628637,"TW,IG"
2025-11-22,2,WANSTAGE トピック 11/22 #2,2025-11-22 の自動生成コンテンツ（スロット2）。,"['wanstage', 'auto', 'daily']",https://picsum.photos/seed/1660/1024/576,https://example.com/post/59998340,"TW,IG"
2025-11-22,3,WANSTAGE トピック 11/22 #3,2025-11-22 の自動生成コンテンツ（スロット3）。,"['wanstage', 'auto', 'daily']",https://picsum.photos/seed/0085/1024/576,https://example.com/post/42000085,"TW,IG"
2025-11-23,1,WANSTAGE トピック 11/23 #1,2025-11-23 の自動生成コンテンツ（スロット1）。,"['wanstage', 'auto', 'daily']",https://picsum.photos/seed/7286/1024/576,https://example.com/post/91677286,"TW,IG"
2025-11-23,2,WANSTAGE トピック 11/23 #2,2025-11-23 の自動生成コンテンツ（スロット2）。,"['wanstage', 'auto', 'daily']",https://picsum.photos/seed/4095/1024/576,https://example.com/post/15875905,"TW,IG"
2025-11-23,3,WANSTAGE トピック 11/23 #3,2025-11-23 の自動生成コンテンツ（スロット3）。,"['wanstage', 'auto', 'daily']",https://picsum.photos/seed/2520/1024/576,https://example.com/post/86122520,"TW,IG"
2025-11-24,1,WANSTAGE トピック 11/24 #1,2025-11-24 の自動生成コンテンツ（スロット1）。,"['wanstage', 'auto', 'daily']",https://picsum.photos/seed/2679/1024/576,https://example.com/post/50297321,"TW,IG"
2025-11-24,2,WANSTAGE トピック 11/24 #2,2025-11-24 の自動生成コンテンツ（スロット2）。,"['wanstage', 'auto', 'daily']",https://picsum.photos/seed/1104/1024/576,https://example.com/post/48298896,"TW,IG"
2025-11-24,3,WANSTAGE トピック 11/24 #3,2025-11-24 の自動生成コンテンツ（スロット3）。,"['wanstage', 'auto', 'daily']",https://picsum.photos/seed/4738/1024/576,https://example.com/post/20995262,"TW,IG"
2025-11-25,1,WANSTAGE トピック 11/25 #1,2025-11-25 の自動生成コンテンツ（スロット1）。,"['wanstage', 'auto', 'daily']",https://picsum.photos/seed/0731/1024/576,https://example.com/post/14090731,"TW,IG"
2025-11-25,2,WANSTAGE トピック 11/25 #2,2025-11-25 の自動生成コンテンツ（スロット2）。,"['wanstage', 'auto', 'daily']",https://picsum.photos/seed/7540/1024/576,https://example.com/post/93462460,"TW,IG"
2025-11-25,3,WANSTAGE トピック 11/25 #3,2025-11-25 の自動生成コンテンツ（スロット3）。,"['wanstage', 'auto', 'daily']",https://picsum.photos/seed/4662/1024/576,https://example.com/post/40975338,"TW,IG"
2025-11-26,1,WANSTAGE トピック 11/26 #1,2025-11-26 の自動生成コンテンツ（スロット1）。,"['wanstage', 'auto', 'daily']",https://picsum.photos/seed/5038/1024/576,https://example.com/post/73845038,"TW,IG"
2025-11-26,2,WANSTAGE トピック 11/26 #2,2025-11-26 の自動生成コンテンツ（スロット2）。,"['wanstage', 'auto', 'daily']",https://picsum.photos/seed/3463/1024/576,https://example.com/post/75843463,"TW,IG"
2025-11-26,3,WANSTAGE トピック 11/26 #3,2025-11-26 の自動生成コンテンツ（スロット3）。,"['wanstage', 'auto', 'daily']",https://picsum.photos/seed/7097/1024/576,https://example.com/post/03147097,"TW,IG"
2025-11-27,1,WANSTAGE トピック 11/27 #1,2025-11-27 の自動生成コンテンツ（スロット1）。,"['wanstage', 'auto', 'daily']",https://picsum.photos/seed/1474/1024/576,https://example.com/post/71318526,"TW,IG"
2025-11-27,2,WANSTAGE トピック 11/27 #2,2025-11-27 の自動生成コンテンツ（スロット2）。,"['wanstage', 'auto', 'daily']",https://picsum.photos/seed/9899/1024/576,https://example.com/post/69320101,"TW,IG"
2025-11-27,3,WANSTAGE トピック 11/27 #3,2025-11-27 の自動生成コンテンツ（スロット3）。,"['wanstage', 'auto', 'daily']",https://picsum.photos/seed/8324/1024/576,https://example.com/post/32678324,"TW,IG"
2025-11-28,1,WANSTAGE トピック 11/28 #1,2025-11-28 の自動生成コンテンツ（スロット1）。,"['wanstage', 'auto', 'daily']",https://picsum.photos/seed/7397/1024/576,https://example.com/post/97987397,"TW,IG"
2025-11-28,2,WANSTAGE トピック 11/28 #2,2025-11-28 の自動生成コンテンツ（スロット2）。,"['wanstage', 'auto', 'daily']",https://picsum.photos/seed/4206/1024/576,https://example.com/post/09565794,"TW,IG"
2025-11-28,3,WANSTAGE トピック 11/28 #3,2025-11-28 の自動生成コンテンツ（スロット3）。,"['wanstage', 'auto', 'daily']",https://picsum.photos/seed/2631/1024/576,https://example.com/post/92432631,"TW,IG"
2025-11-29,1,WANSTAGE トピック 11/29 #1,2025-11-29 の自動生成コンテンツ（スロット1）。,"['wanstage', 'auto', 'daily']",https://picsum.photos/seed/2790/1024/576,https://example.com/post/43987210,"TW,IG"
2025-11-29,2,WANSTAGE トピック 11/29 #2,2025-11-29 の自動生成コンテンツ（スロット2）。,"['wanstage', 'auto', 'daily']",https://picsum.photos/seed/1215/1024/576,https://example.com/post/41988785,"TW,IG"
2025-11-29,3,WANSTAGE トピック 11/29 #3,2025-11-29 の自動生成コンテンツ（スロット3）。,"['wanstage', 'auto', 'daily']",https://picsum.photos/seed/4849/1024/576,https://example.com/post/14685151,"TW,IG"
2025-11-30,1,WANSTAGE トピック 11/30 #1,2025-11-30 の自動生成コンテンツ（スロット1）。,"['wanstage', 'auto', 'daily']",https://picsum.photos/seed/0842/1024/576,https://example.com/post/20400842,"TW,IG"
2025-11-30,2,WANSTAGE トピック 11/30 #2,2025-11-30 の自動生成コンテンツ（スロット2）。,"['wanstage', 'auto', 'daily']",https://picsum.photos/seed/9267/1024/576,https://example.com/post/22399267,"TW,IG"
2025-11-30,3,WANSTAGE トピック 11/30 #3,2025-11-30 の自動生成コンテンツ（スロット3）。,"['wanstage', 'auto', 'daily']",https://picsum.photos/seed/2901/1024/576,https://example.com/post/49702901,"TW,IG"
