date,slot,category,text,hashtag1,hashtag2,hashtag3
"2025-09-01",1,story,"雨の日はチビがいつもそばに来る。拾い上げた夜を覚えているのかな。撫でると小さく喉が鳴る。  共感したらいいねで知らせて","","",""
"2025-09-01",2,daily,"窓を開けると金木犀みたいな香り。チビは鼻をひくひく。  共感したらいいねで知らせて","","",""
"2025-09-01",3,empath,"お風呂のふちで安全確認。『ちゃんと浸かってる？』の顔。  共感したらいいねで知らせて","","",""
"2025-09-02",1,story,"雨の日はチビがいつもそばに来る。拾い上げた夜を覚えているのかな。撫でると小さく喉が鳴る。  共感したらいいねで知らせて","","",""
"2025-09-02",2,daily,"窓を開けると金木犀みたいな香り。チビは鼻をひくひく。  共感したらいいねで知らせて","","",""
"2025-09-02",3,empath,"お風呂のふちで安全確認。『ちゃんと浸かってる？』の顔。  共感したらいいねで知らせて","","",""
"2025-09-03",1,story,"雨の日はチビがいつもそばに来る。拾い上げた夜を覚えているのかな。撫でると小さく喉が鳴る。  共感したらいいねで知らせて","","",""
"2025-09-03",2,daily,"窓を開けると金木犀みたいな香り。チビは鼻をひくひく。  共感したらいいねで知らせて","","",""
"2025-09-03",3,empath,"お風呂のふちで安全確認。『ちゃんと浸かってる？』の顔。  共感したらいいねで知らせて","","",""
"2025-09-04",1,story,"雨の日はチビがいつもそばに来る。拾い上げた夜を覚えているのかな。撫でると小さく喉が鳴る。  共感したらいいねで知らせて","","",""
"2025-09-04",2,daily,"窓を開けると金木犀みたいな香り。チビは鼻をひくひく。  共感したらいいねで知らせて","","",""
"2025-09-04",3,empath,"お風呂のふちで安全確認。『ちゃんと浸かってる？』の顔。  共感したらいいねで知らせて","","",""
"2025-09-05",1,story,"雨の日はチビがいつもそばに来る。拾い上げた夜を覚えているのかな。撫でると小さく喉が鳴る。  共感したらいいねで知らせて","","",""
"2025-09-05",2,daily,"窓を開けると金木犀みたいな香り。チビは鼻をひくひく。  共感したらいいねで知らせて","","",""
"2025-09-05",3,empath,"お風呂のふちで安全確認。『ちゃんと浸かってる？』の顔。  共感したらいいねで知らせて","","",""
"2025-09-06",1,story,"雨の日はチビがいつもそばに来る。拾い上げた夜を覚えているのかな。撫でると小さく喉が鳴る。  共感したらいいねで知らせて","","",""
"2025-09-06",2,daily,"窓を開けると金木犀みたいな香り。チビは鼻をひくひく。  共感したらいいねで知らせて","","",""
"2025-09-06",3,empath,"お風呂のふちで安全確認。『ちゃんと浸かってる？』の顔。  共感したらいいねで知らせて","","",""
"2025-09-07",1,story,"雨の日はチビがいつもそばに来る。拾い上げた夜を覚えているのかな。撫でると小さく喉が鳴る。  共感したらいいねで知らせて","","",""
"2025-09-07",2,daily,"窓を開けると金木犀みたいな香り。チビは鼻をひくひく。  共感したらいいねで知らせて","","",""
"2025-09-07",3,empath,"お風呂のふちで安全確認。『ちゃんと浸かってる？』の顔。  共感したらいいねで知らせて","","",""
"2025-09-08",1,story,"雨の日はチビがいつもそばに来る。拾い上げた夜を覚えているのかな。撫でると小さく喉が鳴る。  共感したらいいねで知らせて","","",""
"2025-09-08",2,daily,"窓を開けると金木犀みたいな香り。チビは鼻をひくひく。  共感したらいいねで知らせて","","",""
"2025-09-08",3,empath,"お風呂のふちで安全確認。『ちゃんと浸かってる？』の顔。  共感したらいいねで知らせて","","",""
"2025-09-09",1,story,"雨の日はチビがいつもそばに来る。拾い上げた夜を覚えているのかな。撫でると小さく喉が鳴る。  共感したらいいねで知らせて","","",""
"2025-09-09",2,daily,"窓を開けると金木犀みたいな香り。チビは鼻をひくひく。  共感したらいいねで知らせて","","",""
"2025-09-09",3,empath,"お風呂のふちで安全確認。『ちゃんと浸かってる？』の顔。  共感したらいいねで知らせて","","",""
"2025-09-10",1,story,"雨の日はチビがいつもそばに来る。拾い上げた夜を覚えているのかな。撫でると小さく喉が鳴る。  共感したらいいねで知らせて","","",""
"2025-09-10",2,daily,"窓を開けると金木犀みたいな香り。チビは鼻をひくひく。  共感したらいいねで知らせて","","",""
"2025-09-10",3,empath,"お風呂のふちで安全確認。『ちゃんと浸かってる？』の顔。  共感したらいいねで知らせて","","",""
"2025-09-11",1,story,"雨の日はチビがいつもそばに来る。拾い上げた夜を覚えているのかな。撫でると小さく喉が鳴る。  共感したらいいねで知らせて","","",""
"2025-09-11",2,daily,"窓を開けると金木犀みたいな香り。チビは鼻をひくひく。  共感したらいいねで知らせて","","",""
"2025-09-11",3,empath,"お風呂のふちで安全確認。『ちゃんと浸かってる？』の顔。  共感したらいいねで知らせて","","",""
"2025-09-12",1,story,"雨の日はチビがいつもそばに来る。拾い上げた夜を覚えているのかな。撫でると小さく喉が鳴る。  共感したらいいねで知らせて","","",""
"2025-09-12",2,daily,"窓を開けると金木犀みたいな香り。チビは鼻をひくひく。  共感したらいいねで知らせて","","",""
"2025-09-12",3,empath,"お風呂のふちで安全確認。『ちゃんと浸かってる？』の顔。  共感したらいいねで知らせて","","",""
"2025-09-13",1,story,"雨の日はチビがいつもそばに来る。拾い上げた夜を覚えているのかな。撫でると小さく喉が鳴る。  共感したらいいねで知らせて","","",""
"2025-09-13",2,daily,"窓を開けると金木犀みたいな香り。チビは鼻をひくひく。  共感したらいいねで知らせて","","",""
"2025-09-13",3,empath,"お風呂のふちで安全確認。『ちゃんと浸かってる？』の顔。  共感したらいいねで知らせて","","",""
"2025-09-14",1,story,"雨の日はチビがいつもそばに来る。拾い上げた夜を覚えているのかな。撫でると小さく喉が鳴る。  共感したらいいねで知らせて","","",""
"2025-09-14",2,daily,"窓を開けると金木犀みたいな香り。チビは鼻をひくひく。  共感したらいいねで知らせて","","",""
"2025-09-14",3,empath,"お風呂のふちで安全確認。『ちゃんと浸かってる？』の顔。  共感したらいいねで知らせて","","",""
"2025-09-15",1,story,"雨の日はチビがいつもそばに来る。拾い上げた夜を覚えているのかな。撫でると小さく喉が鳴る。  共感したらいいねで知らせて","","",""
"2025-09-15",2,daily,"窓を開けると金木犀みたいな香り。チビは鼻をひくひく。  共感したらいいねで知らせて","","",""
"2025-09-15",3,empath,"お風呂のふちで安全確認。『ちゃんと浸かってる？』の顔。  共感したらいいねで知らせて","","",""
"2025-09-16",1,story,"雨の日はチビがいつもそばに来る。拾い上げた夜を覚えているのかな。撫でると小さく喉が鳴る。  共感したらいいねで知らせて","","",""
"2025-09-16",2,daily,"窓を開けると金木犀みたいな香り。チビは鼻をひくひく。  共感したらいいねで知らせて","","",""
"2025-09-16",3,empath,"お風呂のふちで安全確認。『ちゃんと浸かってる？』の顔。  共感したらいいねで知らせて","","",""
"2025-09-17",1,story,"雨の日はチビがいつもそばに来る。拾い上げた夜を覚えているのかな。撫でると小さく喉が鳴る。  共感したらいいねで知らせて","","",""
"2025-09-17",2,daily,"窓を開けると金木犀みたいな香り。チビは鼻をひくひく。  共感したらいいねで知らせて","","",""
"2025-09-17",3,empath,"お風呂のふちで安全確認。『ちゃんと浸かってる？』の顔。  共感したらいいねで知らせて","","",""
"2025-09-18",1,story,"雨の日はチビがいつもそばに来る。拾い上げた夜を覚えているのかな。撫でると小さく喉が鳴る。  共感したらいいねで知らせて","","",""
"2025-09-18",2,daily,"窓を開けると金木犀みたいな香り。チビは鼻をひくひく。  共感したらいいねで知らせて","","",""
"2025-09-18",3,empath,"お風呂のふちで安全確認。『ちゃんと浸かってる？』の顔。  共感したらいいねで知らせて","","",""
"2025-09-19",1,story,"雨の日はチビがいつもそばに来る。拾い上げた夜を覚えているのかな。撫でると小さく喉が鳴る。  共感したらいいねで知らせて","","",""
"2025-09-19",2,daily,"窓を開けると金木犀みたいな香り。チビは鼻をひくひく。  共感したらいいねで知らせて","","",""
"2025-09-19",3,empath,"お風呂のふちで安全確認。『ちゃんと浸かってる？』の顔。  共感したらいいねで知らせて","","",""
"2025-09-20",1,story,"雨の日はチビがいつもそばに来る。拾い上げた夜を覚えているのかな。撫でると小さく喉が鳴る。  共感したらいいねで知らせて","","",""
"2025-09-20",2,daily,"窓を開けると金木犀みたいな香り。チビは鼻をひくひく。  共感したらいいねで知らせて","","",""
"2025-09-20",3,empath,"お風呂のふちで安全確認。『ちゃんと浸かってる？』の顔。  共感したらいいねで知らせて","","",""
"2025-09-21",1,story,"雨の日はチビがいつもそばに来る。拾い上げた夜を覚えているのかな。撫でると小さく喉が鳴る。  共感したらいいねで知らせて","","",""
"2025-09-21",2,daily,"窓を開けると金木犀みたいな香り。チビは鼻をひくひく。  共感したらいいねで知らせて","","",""
"2025-09-21",3,empath,"お風呂のふちで安全確認。『ちゃんと浸かってる？』の顔。  共感したらいいねで知らせて","","",""
"2025-09-22",1,story,"雨の日はチビがいつもそばに来る。拾い上げた夜を覚えているのかな。撫でると小さく喉が鳴る。  共感したらいいねで知らせて","","",""
"2025-09-22",2,daily,"窓を開けると金木犀みたいな香り。チビは鼻をひくひく。  共感したらいいねで知らせて","","",""
"2025-09-22",3,empath,"お風呂のふちで安全確認。『ちゃんと浸かってる？』の顔。  共感したらいいねで知らせて","","",""
"2025-09-23",1,story,"雨の日はチビがいつもそばに来る。拾い上げた夜を覚えているのかな。撫でると小さく喉が鳴る。  共感したらいいねで知らせて","","",""
"2025-09-23",2,daily,"窓を開けると金木犀みたいな香り。チビは鼻をひくひく。  共感したらいいねで知らせて","","",""
"2025-09-23",3,empath,"お風呂のふちで安全確認。『ちゃんと浸かってる？』の顔。  共感したらいいねで知らせて","","",""
"2025-09-24",1,story,"雨の日はチビがいつもそばに来る。拾い上げた夜を覚えているのかな。撫でると小さく喉が鳴る。  共感したらいいねで知らせて","","",""
"2025-09-24",2,daily,"窓を開けると金木犀みたいな香り。チビは鼻をひくひく。  共感したらいいねで知らせて","","",""
"2025-09-24",3,empath,"お風呂のふちで安全確認。『ちゃんと浸かってる？』の顔。  共感したらいいねで知らせて","","",""
"2025-09-25",1,story,"雨の日はチビがいつもそばに来る。拾い上げた夜を覚えているのかな。撫でると小さく喉が鳴る。  共感したらいいねで知らせて","","",""
"2025-09-25",2,daily,"窓を開けると金木犀みたいな香り。チビは鼻をひくひく。  共感したらいいねで知らせて","","",""
"2025-09-25",3,empath,"お風呂のふちで安全確認。『ちゃんと浸かってる？』の顔。  共感したらいいねで知らせて","","",""
"2025-09-26",1,story,"雨の日はチビがいつもそばに来る。拾い上げた夜を覚えているのかな。撫でると小さく喉が鳴る。  共感したらいいねで知らせて","","",""
"2025-09-26",2,daily,"窓を開けると金木犀みたいな香り。チビは鼻をひくひく。  共感したらいいねで知らせて","","",""
"2025-09-26",3,empath,"お風呂のふちで安全確認。『ちゃんと浸かってる？』の顔。  共感したらいいねで知らせて","","",""
"2025-09-27",1,story,"雨の日はチビがいつもそばに来る。拾い上げた夜を覚えているのかな。撫でると小さく喉が鳴る。  共感したらいいねで知らせて","","",""
"2025-09-27",2,daily,"窓を開けると金木犀みたいな香り。チビは鼻をひくひく。  共感したらいいねで知らせて","","",""
"2025-09-27",3,empath,"お風呂のふちで安全確認。『ちゃんと浸かってる？』の顔。  共感したらいいねで知らせて","","",""
"2025-09-28",1,story,"雨の日はチビがいつもそばに来る。拾い上げた夜を覚えているのかな。撫でると小さく喉が鳴る。  共感したらいいねで知らせて","","",""
"2025-09-28",2,daily,"窓を開けると金木犀みたいな香り。チビは鼻をひくひく。  共感したらいいねで知らせて","","",""
"2025-09-28",3,empath,"お風呂のふちで安全確認。『ちゃんと浸かってる？』の顔。  共感したらいいねで知らせて","","",""
"2025-09-29",1,story,"雨の日はチビがいつもそばに来る。拾い上げた夜を覚えているのかな。撫でると小さく喉が鳴る。  共感したらいいねで知らせて","","",""
"2025-09-29",2,daily,"窓を開けると金木犀みたいな香り。チビは鼻をひくひく。  共感したらいいねで知らせて","","",""
"2025-09-29",3,empath,"お風呂のふちで安全確認。『ちゃんと浸かってる？』の顔。  共感したらいいねで知らせて","","",""
"2025-09-30",1,story,"雨の日はチビがいつもそばに来る。拾い上げた夜を覚えているのかな。撫でると小さく喉が鳴る。  共感したらいいねで知らせて","","",""
"2025-09-30",2,daily,"窓を開けると金木犀みたいな香り。チビは鼻をひくひく。  共感したらいいねで知らせて","","",""
"2025-09-30",3,empath,"お風呂のふちで安全確認。『ちゃんと浸かってる？』の顔。  共感したらいいねで知らせて","","",""
